exp_id,backbone,gpu,dtype,batch,img_size,fused_bn,p50,p95,p99,mean,min,n,images_per_s,throughput_per_s,torch
B03,convnext_tiny,Tesla T4,fp32,1,224,False,5.556990500735992,5.816709300688672,6.409602109906698,5.615645033352242,5.444947999421856,60,179.95351978153565,179.95351978153565,2.11.0+cu128
B03,convnext_tiny,Tesla T4,fp32,32,224,False,129.53347549955652,131.1306768504437,131.93293216969323,129.50531654990604,126.98362599985558,60,247.04038764179967,247.04038764179967,2.11.0+cu128
B03,convnext_tiny,Tesla T4,amp,1,224,False,7.319677499253885,7.79900645111411,8.79074626067449,7.4358488501578295,7.217811000373331,60,136.61804090438858,136.61804090438858,2.11.0+cu128
B03,convnext_tiny,Tesla T4,amp,32,224,False,49.13554899940209,50.03553019869287,50.55631088956943,49.16149826643353,47.89017099938064,60,651.2596409656356,651.2596409656356,2.11.0+cu128
B03,convnext_tiny,Tesla T4,fp16,1,224,False,5.500036000739783,5.984707499646901,6.5285007503189245,5.622431666718815,5.369242000597296,60,181.81699171887146,181.81699171887146,2.11.0+cu128
B03,convnext_tiny,Tesla T4,fp16,32,224,False,38.928683999074565,39.545480049309845,39.682898790943,38.908499216692384,38.239486999373185,60,822.0159715843649,822.0159715843649,2.11.0+cu128
B06,mobilenetv3_large_100,Tesla T4,fp32,1,224,False,5.972394499622169,6.3572558497980935,6.880423320526457,6.039786583278328,5.87686200015014,60,167.43703050146183,167.43703050146183,2.11.0+cu128
B06,mobilenetv3_large_100,Tesla T4,fp32,32,224,False,21.707975500248722,21.898425499784935,21.92337226044401,21.734709666786028,21.48949000002176,60,1474.112590537674,1474.112590537674,2.11.0+cu128
B06,mobilenetv3_large_100,Tesla T4,amp,1,224,False,7.909699999800068,8.416370251234184,9.4048144509361,8.017434383388414,7.684480000534677,60,126.42704527672058,126.42704527672058,2.11.0+cu128
B06,mobilenetv3_large_100,Tesla T4,amp,32,224,False,12.719958999696246,14.660509450459358,14.702418410142855,13.070821133290641,12.52340500104765,60,2515.731379382918,2515.731379382918,2.11.0+cu128
B06,mobilenetv3_large_100,Tesla T4,fp16,1,224,False,7.089716999871598,7.7687014000730406,9.009073550660103,7.227550733387034,6.970905998969101,60,141.04935359452443,141.04935359452443,2.11.0+cu128
B06,mobilenetv3_large_100,Tesla T4,fp16,32,224,False,12.92498400016484,13.1027819485098,13.98789865037542,12.965125533325287,12.587797000378487,60,2475.825115109766,2475.825115109766,2.11.0+cu128
B06,mobilenetv3_large_100+fused_bn,Tesla T4,fp32,1,224,True,3.9552889993501594,4.319215500345308,4.832915029473951,3.992407233333021,3.7364200015872484,60,252.8260261549274,252.8260261549274,2.11.0+cu128
B06,mobilenetv3_large_100+fused_bn,Tesla T4,fp32,32,224,True,16.445909500362177,16.610254499846633,16.79205120919505,16.387289866543142,15.979932999471202,60,1945.7725946561536,1945.7725946561536,2.11.0+cu128
B05,efficientnet_b0,Tesla T4,fp32,1,224,False,7.554391500889324,8.409572600885438,9.180797149456337,7.693195366785706,7.391002000076696,60,132.37333541454362,132.37333541454362,2.11.0+cu128
B05,efficientnet_b0,Tesla T4,fp32,32,224,False,37.39740700075345,37.740633099929255,37.84679657983361,37.37586718325474,37.032988999271765,60,855.6742984708885,855.6742984708885,2.11.0+cu128
B05,efficientnet_b0,Tesla T4,amp,1,224,False,9.923154999341932,10.55474604918345,10.874785889009217,10.025885199987291,9.763522999492125,60,100.77440089027294,100.77440089027294,2.11.0+cu128
B05,efficientnet_b0,Tesla T4,amp,32,224,False,22.130911499516515,22.57680294851525,22.582519460775075,22.171155149953847,21.58631900056207,60,1445.9413477252888,1445.9413477252888,2.11.0+cu128
B05,efficientnet_b0,Tesla T4,fp16,1,224,False,8.881224999640835,9.526484800062462,10.68401141101276,8.967425233186077,8.532971000022371,60,112.59707979928905,112.59707979928905,2.11.0+cu128
B05,efficientnet_b0,Tesla T4,fp16,32,224,False,22.761432999686804,23.155863500051055,23.17223915921204,22.730862233068667,22.22665499903087,60,1405.8868789342182,1405.8868789342182,2.11.0+cu128
B05,efficientnet_b0+fused_bn,Tesla T4,fp32,1,224,True,5.414532000031613,5.7443264994617484,6.2279096000384,5.427647016737562,5.056613001215737,60,184.68816880095295,184.68816880095295,2.11.0+cu128
B05,efficientnet_b0+fused_bn,Tesla T4,fp32,32,224,True,28.180959499877645,28.43266875106565,28.468196489830007,28.185628850011806,27.58790699954261,60,1135.5184694878446,1135.5184694878446,2.11.0+cu128
