exp_id,seed,fold,backbone,weight_tag,init,drop_rate,aug,mix,mix_alpha,loss,label_smoothing,focal_gamma,class_weight_beta,sampler,img_size,epochs,batch_size,lr_backbone,lr_head,weight_decay,warmup_epochs,ema_decay,grad_clip,amp,params_m,gmac,gmac_tool,best_epoch,n_train,n_val,n_test,val_top1,val_macro_f1,val_loss,val_balanced_acc,val_ece,val_nll,train_seconds_per_epoch,total_seconds,peak_gpu_mem_mb,split,test,versions,run_dir
B01,0,0,resnet50,a1_in1k,finetune,0.0,basic,,1.0,ce,0.0,2.0,,,224,10,64,0.0001,0.001,0.05,1.0,,,True,23.526473,2.0547415040000003,fvcore.nn.FlopCountAnalysis (FLOPs/2),9,10501,3501,3507,0.8548986003998857,0.7994529396746946,0.427651703085296,0.7747072049830154,0.011310938808516895,0.4276537597179413,46.828863783,479.35505828699996,3313.93536,"{'n': {'train': 10501, 'val': 3501, 'test': 3507}, 'ratio': {'train': 0.5997487006682277, 'val': 0.19995430921240506, 'test': 0.2002969901193672}, 'per_class': {'train': [675, 637, 618, 613, 637, 605, 644, 609, 5463], 'val': [225, 213, 206, 204, 212, 202, 215, 203, 1821], 'test': [226, 213, 207, 205, 213, 202, 215, 204, 1822]}, 'overlap': {'train&val': 0, 'train&test': 0, 'val&test': 0}, 'total': 17509, 'images_dir': '/kaggle/working/lab/submissions/2A202602911_nguyenphuchuy/data', 'ratio_warnings': [], 'missing_files': []}",,"{'torch': '2.11.0+cu128', 'timm': '1.0.29', 'python': '3.13.15', 'torchvision': '0.26.0+cu128'}",runs/B01/seed0
B02,0,0,resnext50_32x4d,a1h_in1k,finetune,0.0,basic,,1.0,ce,0.0,2.0,,,224,10,64,0.0001,0.001,0.05,1.0,,,True,22.998345,2.12867584,fvcore.nn.FlopCountAnalysis (FLOPs/2),9,10501,3501,3507,0.8934590117109398,0.8616987121523302,0.32900090487947875,0.8517421033669297,0.022357803732965434,0.32899564504623413,59.145510099000035,601.7541154409998,4146.76992,"{'n': {'train': 10501, 'val': 3501, 'test': 3507}, 'ratio': {'train': 0.5997487006682277, 'val': 0.19995430921240506, 'test': 0.2002969901193672}, 'per_class': {'train': [675, 637, 618, 613, 637, 605, 644, 609, 5463], 'val': [225, 213, 206, 204, 212, 202, 215, 203, 1821], 'test': [226, 213, 207, 205, 213, 202, 215, 204, 1822]}, 'overlap': {'train&val': 0, 'train&test': 0, 'val&test': 0}, 'total': 17509, 'images_dir': '/kaggle/working/lab/submissions/2A202602911_nguyenphuchuy/data', 'ratio_warnings': [], 'missing_files': []}",,"{'torch': '2.11.0+cu128', 'timm': '1.0.29', 'python': '3.13.15', 'torchvision': '0.26.0+cu128'}",runs/B02/seed0
B03,0,0,convnext_tiny,in12k_ft_in1k,finetune,0.0,basic,,1.0,ce,0.0,2.0,,,224,10,64,0.0001,0.001,0.05,1.0,,,True,27.827049,2.2348381440000002,fvcore.nn.FlopCountAnalysis (FLOPs/2),10,10501,3501,3507,0.9777206512425022,0.9708156052241242,0.09409295989509583,0.968860192504458,0.011756001523956863,0.09409302473068237,55.17537676440004,563.3008879470001,4567.287808,"{'n': {'train': 10501, 'val': 3501, 'test': 3507}, 'ratio': {'train': 0.5997487006682277, 'val': 0.19995430921240506, 'test': 0.2002969901193672}, 'per_class': {'train': [675, 637, 618, 613, 637, 605, 644, 609, 5463], 'val': [225, 213, 206, 204, 212, 202, 215, 203, 1821], 'test': [226, 213, 207, 205, 213, 202, 215, 204, 1822]}, 'overlap': {'train&val': 0, 'train&test': 0, 'val&test': 0}, 'total': 17509, 'images_dir': '/kaggle/working/lab/submissions/2A202602911_nguyenphuchuy/data', 'ratio_warnings': [], 'missing_files': []}",,"{'torch': '2.11.0+cu128', 'timm': '1.0.29', 'python': '3.13.15', 'torchvision': '0.26.0+cu128'}",runs/B03/seed0
B04,0,0,deit_small_patch16_224,fb_in1k,finetune,0.0,basic,,1.0,ce,0.0,2.0,,,224,10,64,0.0001,0.001,0.05,1.0,,,True,21.669129,2.1251470080000003,fvcore.nn.FlopCountAnalysis (FLOPs/2),9,10501,3501,3507,0.9634390174235933,0.9514038622038073,0.12765019211436093,0.9516223318641218,0.01597530710394129,0.12764739990234375,36.023095992100025,368.4055548360002,2623.595008,"{'n': {'train': 10501, 'val': 3501, 'test': 3507}, 'ratio': {'train': 0.5997487006682277, 'val': 0.19995430921240506, 'test': 0.2002969901193672}, 'per_class': {'train': [675, 637, 618, 613, 637, 605, 644, 609, 5463], 'val': [225, 213, 206, 204, 212, 202, 215, 203, 1821], 'test': [226, 213, 207, 205, 213, 202, 215, 204, 1822]}, 'overlap': {'train&val': 0, 'train&test': 0, 'val&test': 0}, 'total': 17509, 'images_dir': '/kaggle/working/lab/submissions/2A202602911_nguyenphuchuy/data', 'ratio_warnings': [], 'missing_files': []}",,"{'torch': '2.11.0+cu128', 'timm': '1.0.29', 'python': '3.13.15', 'torchvision': '0.26.0+cu128'}",runs/B04/seed0
B05,0,0,efficientnet_b0,ra_in1k,finetune,0.0,basic,,1.0,ce,0.0,2.0,,,224,10,64,0.0001,0.001,0.05,1.0,,,True,4.019077,0.199042192,fvcore.nn.FlopCountAnalysis (FLOPs/2),10,10501,3501,3507,0.844044558697515,0.7894609033160984,0.4840885188980669,0.7751231074456579,0.04635719333128123,0.4840916693210602,32.80219746839994,334.8410448589998,2981.682176,"{'n': {'train': 10501, 'val': 3501, 'test': 3507}, 'ratio': {'train': 0.5997487006682277, 'val': 0.19995430921240506, 'test': 0.2002969901193672}, 'per_class': {'train': [675, 637, 618, 613, 637, 605, 644, 609, 5463], 'val': [225, 213, 206, 204, 212, 202, 215, 203, 1821], 'test': [226, 213, 207, 205, 213, 202, 215, 204, 1822]}, 'overlap': {'train&val': 0, 'train&test': 0, 'val&test': 0}, 'total': 17509, 'images_dir': '/kaggle/working/lab/submissions/2A202602911_nguyenphuchuy/data', 'ratio_warnings': [], 'missing_files': []}",,"{'torch': '2.11.0+cu128', 'timm': '1.0.29', 'python': '3.13.15', 'torchvision': '0.26.0+cu128'}",runs/B05/seed0
B06,0,0,mobilenetv3_large_100,ra_in1k,finetune,0.0,basic,,1.0,ce,0.0,2.0,,,224,10,64,0.0001,0.001,0.05,1.0,,,True,4.213561,0.112083968,fvcore.nn.FlopCountAnalysis (FLOPs/2),9,10501,3501,3507,0.8171950871179663,0.753159918798364,0.5803546176165113,0.7496023561855145,0.026768267358994013,0.5803568959236145,25.246183844199912,259.3489378940003,1558.960128,"{'n': {'train': 10501, 'val': 3501, 'test': 3507}, 'ratio': {'train': 0.5997487006682277, 'val': 0.19995430921240506, 'test': 0.2002969901193672}, 'per_class': {'train': [675, 637, 618, 613, 637, 605, 644, 609, 5463], 'val': [225, 213, 206, 204, 212, 202, 215, 203, 1821], 'test': [226, 213, 207, 205, 213, 202, 215, 204, 1822]}, 'overlap': {'train&val': 0, 'train&test': 0, 'val&test': 0}, 'total': 17509, 'images_dir': '/kaggle/working/lab/submissions/2A202602911_nguyenphuchuy/data', 'ratio_warnings': [], 'missing_files': []}",,"{'torch': '2.11.0+cu128', 'timm': '1.0.29', 'python': '3.13.15', 'torchvision': '0.26.0+cu128'}",runs/B06/seed0
F01,0,0,convnext_tiny,in12k_ft_in1k,finetune,0.0,basic,,1.0,ce,0.0,2.0,,,224,10,64,0.0001,0.001,0.05,1.0,,,True,27.827049,2.2348381440000002,fvcore.nn.FlopCountAnalysis (FLOPs/2),10,10501,3501,3507,0.9777206512425022,0.9708156052241242,0.09409295989509583,0.968860192504458,0.011756001523956863,0.09409302473068237,53.41666069570001,553.6248873549994,4788.97152,"{'n': {'train': 10501, 'val': 3501, 'test': 3507}, 'ratio': {'train': 0.5997487006682277, 'val': 0.19995430921240506, 'test': 0.2002969901193672}, 'per_class': {'train': [675, 637, 618, 613, 637, 605, 644, 609, 5463], 'val': [225, 213, 206, 204, 212, 202, 215, 203, 1821], 'test': [226, 213, 207, 205, 213, 202, 215, 204, 1822]}, 'overlap': {'train&val': 0, 'train&test': 0, 'val&test': 0}, 'total': 17509, 'images_dir': '/kaggle/working/lab/submissions/2A202602911_nguyenphuchuy/data', 'ratio_warnings': [], 'missing_files': []}","{'top1': 0.9760479041916168, 'macro_f1': 0.9703371038056905, 'ece': 0.012257793663844493, 'nll': 0.0930132269859314, 'loss': 0.09300977982516462}","{'torch': '2.11.0+cu128', 'timm': '1.0.29', 'python': '3.13.15', 'torchvision': '0.26.0+cu128'}",runs/F01/seed0
F01,1,0,convnext_tiny,in12k_ft_in1k,finetune,0.0,basic,,1.0,ce,0.0,2.0,,,224,10,64,0.0001,0.001,0.05,1.0,,,True,27.827049,2.2348381440000002,fvcore.nn.FlopCountAnalysis (FLOPs/2),10,10501,3501,3507,0.9731505284204514,0.9640750234871176,0.10081952246785444,0.9630050695729842,0.013303106927898944,0.10082069039344788,53.34059385720011,548.0315890620004,4790.806528,"{'n': {'train': 10501, 'val': 3501, 'test': 3507}, 'ratio': {'train': 0.5997487006682277, 'val': 0.19995430921240506, 'test': 0.2002969901193672}, 'per_class': {'train': [675, 637, 618, 613, 637, 605, 644, 609, 5463], 'val': [225, 213, 206, 204, 212, 202, 215, 203, 1821], 'test': [226, 213, 207, 205, 213, 202, 215, 204, 1822]}, 'overlap': {'train&val': 0, 'train&test': 0, 'val&test': 0}, 'total': 17509, 'images_dir': '/kaggle/working/lab/submissions/2A202602911_nguyenphuchuy/data', 'ratio_warnings': [], 'missing_files': []}","{'top1': 0.9726261762189906, 'macro_f1': 0.964996415591791, 'ece': 0.015500624796111695, 'nll': 0.09428496658802032, 'loss': 0.09428370977927646}","{'torch': '2.11.0+cu128', 'timm': '1.0.29', 'python': '3.13.15', 'torchvision': '0.26.0+cu128'}",runs/F01/seed1
F01,2,0,convnext_tiny,in12k_ft_in1k,finetune,0.0,basic,,1.0,ce,0.0,2.0,,,224,10,64,0.0001,0.001,0.05,1.0,,,True,27.827049,2.2348381440000002,fvcore.nn.FlopCountAnalysis (FLOPs/2),9,10501,3501,3507,0.974293059125964,0.9663816466841669,0.10732465458172487,0.9619989875360972,0.01354870762834545,0.10732517391443253,53.347670424899846,547.9492440600006,4790.806528,"{'n': {'train': 10501, 'val': 3501, 'test': 3507}, 'ratio': {'train': 0.5997487006682277, 'val': 0.19995430921240506, 'test': 0.2002969901193672}, 'per_class': {'train': [675, 637, 618, 613, 637, 605, 644, 609, 5463], 'val': [225, 213, 206, 204, 212, 202, 215, 203, 1821], 'test': [226, 213, 207, 205, 213, 202, 215, 204, 1822]}, 'overlap': {'train&val': 0, 'train&test': 0, 'val&test': 0}, 'total': 17509, 'images_dir': '/kaggle/working/lab/submissions/2A202602911_nguyenphuchuy/data', 'ratio_warnings': [], 'missing_files': []}","{'top1': 0.9760479041916168, 'macro_f1': 0.9691799481430845, 'ece': 0.01348285459880649, 'nll': 0.10239041596651077, 'loss': 0.10239304933992056}","{'torch': '2.11.0+cu128', 'timm': '1.0.29', 'python': '3.13.15', 'torchvision': '0.26.0+cu128'}",runs/F01/seed2
T00,0,0,resnet50,a1_in1k,finetune,0.0,basic,,1.0,ce,0.0,2.0,,,224,10,64,0.0001,0.001,0.05,1.0,,,True,23.526473,2.0547415040000003,fvcore.nn.FlopCountAnalysis (FLOPs/2),9,10501,3501,3507,0.8548986003998857,0.7994529396746946,0.427651703085296,0.7747072049830154,0.011310938808516895,0.4276537597179413,46.07391146189984,473.27285536399904,3539.452928,"{'n': {'train': 10501, 'val': 3501, 'test': 3507}, 'ratio': {'train': 0.5997487006682277, 'val': 0.19995430921240506, 'test': 0.2002969901193672}, 'per_class': {'train': [675, 637, 618, 613, 637, 605, 644, 609, 5463], 'val': [225, 213, 206, 204, 212, 202, 215, 203, 1821], 'test': [226, 213, 207, 205, 213, 202, 215, 204, 1822]}, 'overlap': {'train&val': 0, 'train&test': 0, 'val&test': 0}, 'total': 17509, 'images_dir': '/kaggle/working/lab/submissions/2A202602911_nguyenphuchuy/data', 'ratio_warnings': [], 'missing_files': []}","{'top1': 0.8508696891930425, 'macro_f1': 0.7980618250088184, 'ece': 0.021264796137027912, 'nll': 0.43565115332603455, 'loss': 0.43565190060206005}","{'torch': '2.11.0+cu128', 'timm': '1.0.29', 'python': '3.13.15', 'torchvision': '0.26.0+cu128'}",runs/T00/seed0
T00,1,0,resnet50,a1_in1k,finetune,0.0,basic,,1.0,ce,0.0,2.0,,,224,10,64,0.0001,0.001,0.05,1.0,,,True,23.526473,2.0547415040000003,fvcore.nn.FlopCountAnalysis (FLOPs/2),9,10501,3501,3507,0.8500428449014568,0.7906629185432833,0.4450267303231715,0.7610590413109466,0.01937399957391815,0.4450247287750244,46.11071050699993,473.84579498400126,3540.23936,"{'n': {'train': 10501, 'val': 3501, 'test': 3507}, 'ratio': {'train': 0.5997487006682277, 'val': 0.19995430921240506, 'test': 0.2002969901193672}, 'per_class': {'train': [675, 637, 618, 613, 637, 605, 644, 609, 5463], 'val': [225, 213, 206, 204, 212, 202, 215, 203, 1821], 'test': [226, 213, 207, 205, 213, 202, 215, 204, 1822]}, 'overlap': {'train&val': 0, 'train&test': 0, 'val&test': 0}, 'total': 17509, 'images_dir': '/kaggle/working/lab/submissions/2A202602911_nguyenphuchuy/data', 'ratio_warnings': [], 'missing_files': []}","{'top1': 0.8528656971770744, 'macro_f1': 0.7981988856498463, 'ece': 0.018222761818714746, 'nll': 0.43669822812080383, 'loss': 0.43670021219533295}","{'torch': '2.11.0+cu128', 'timm': '1.0.29', 'python': '3.13.15', 'torchvision': '0.26.0+cu128'}",runs/T00/seed1
T00,2,0,resnet50,a1_in1k,finetune,0.0,basic,,1.0,ce,0.0,2.0,,,224,10,64,0.0001,0.001,0.05,1.0,,,True,23.526473,2.0547415040000003,fvcore.nn.FlopCountAnalysis (FLOPs/2),10,10501,3501,3507,0.8486146815195659,0.793315255706886,0.4481600425611799,0.7523522621303869,0.028033792014906512,0.4481605291366577,46.00967500900042,473.17787370599945,3540.23936,"{'n': {'train': 10501, 'val': 3501, 'test': 3507}, 'ratio': {'train': 0.5997487006682277, 'val': 0.19995430921240506, 'test': 0.2002969901193672}, 'per_class': {'train': [675, 637, 618, 613, 637, 605, 644, 609, 5463], 'val': [225, 213, 206, 204, 212, 202, 215, 203, 1821], 'test': [226, 213, 207, 205, 213, 202, 215, 204, 1822]}, 'overlap': {'train&val': 0, 'train&test': 0, 'val&test': 0}, 'total': 17509, 'images_dir': '/kaggle/working/lab/submissions/2A202602911_nguyenphuchuy/data', 'ratio_warnings': [], 'missing_files': []}","{'top1': 0.8494439692044482, 'macro_f1': 0.7967190170464257, 'ece': 0.025678350684443615, 'nll': 0.44629162549972534, 'loss': 0.4462883670572409}","{'torch': '2.11.0+cu128', 'timm': '1.0.29', 'python': '3.13.15', 'torchvision': '0.26.0+cu128'}",runs/T00/seed2
T01,0,0,convnext_tiny,scratch (không tải trọng số),scratch,0.0,basic,,1.0,ce,0.0,2.0,,,224,10,64,0.0001,0.001,0.05,1.0,,,True,27.827049,2.2348381440000002,fvcore.nn.FlopCountAnalysis (FLOPs/2),9,10501,3501,3507,0.536989431590974,0.29646759364338615,1.365755919353242,0.3102125619558032,0.04437690281639846,1.3657526969909668,53.82642798769998,546.2390791749999,4568.500224,"{'n': {'train': 10501, 'val': 3501, 'test': 3507}, 'ratio': {'train': 0.5997487006682277, 'val': 0.19995430921240506, 'test': 0.2002969901193672}, 'per_class': {'train': [675, 637, 618, 613, 637, 605, 644, 609, 5463], 'val': [225, 213, 206, 204, 212, 202, 215, 203, 1821], 'test': [226, 213, 207, 205, 213, 202, 215, 204, 1822]}, 'overlap': {'train&val': 0, 'train&test': 0, 'val&test': 0}, 'total': 17509, 'images_dir': '/kaggle/working/lab/submissions/2A202602911_nguyenphuchuy/data', 'ratio_warnings': [], 'missing_files': []}",,"{'torch': '2.11.0+cu128', 'timm': '1.0.29', 'python': '3.13.15', 'torchvision': '0.26.0+cu128'}",runs/T01/seed0
T02,0,0,convnext_tiny,in12k_ft_in1k,frozen,0.0,basic,,1.0,ce,0.0,2.0,,,224,10,64,0.0001,0.001,0.05,1.0,,,True,27.827049,2.2348381440000002,fvcore.nn.FlopCountAnalysis (FLOPs/2),8,10501,3501,3507,0.8803199085975436,0.850125736630941,0.37523260205277575,0.8378601661351371,0.04123903538151765,0.3752337396144867,26.627026319700008,274.541090104,825.78432,"{'n': {'train': 10501, 'val': 3501, 'test': 3507}, 'ratio': {'train': 0.5997487006682277, 'val': 0.19995430921240506, 'test': 0.2002969901193672}, 'per_class': {'train': [675, 637, 618, 613, 637, 605, 644, 609, 5463], 'val': [225, 213, 206, 204, 212, 202, 215, 203, 1821], 'test': [226, 213, 207, 205, 213, 202, 215, 204, 1822]}, 'overlap': {'train&val': 0, 'train&test': 0, 'val&test': 0}, 'total': 17509, 'images_dir': '/kaggle/working/lab/submissions/2A202602911_nguyenphuchuy/data', 'ratio_warnings': [], 'missing_files': []}",,"{'torch': '2.11.0+cu128', 'timm': '1.0.29', 'python': '3.13.15', 'torchvision': '0.26.0+cu128'}",runs/T02/seed0
T03,0,0,convnext_tiny,in12k_ft_in1k,finetune,0.0,color,,1.0,ce,0.0,2.0,,,224,10,64,0.0001,0.001,0.05,1.0,,,True,27.827049,2.2348381440000002,fvcore.nn.FlopCountAnalysis (FLOPs/2),9,10501,3501,3507,0.9722936303913168,0.9643748763871742,0.12316939681108698,0.958407256156278,0.01603020698266249,0.1231689602136612,55.69478127680004,565.2876976800003,4567.222272,"{'n': {'train': 10501, 'val': 3501, 'test': 3507}, 'ratio': {'train': 0.5997487006682277, 'val': 0.19995430921240506, 'test': 0.2002969901193672}, 'per_class': {'train': [675, 637, 618, 613, 637, 605, 644, 609, 5463], 'val': [225, 213, 206, 204, 212, 202, 215, 203, 1821], 'test': [226, 213, 207, 205, 213, 202, 215, 204, 1822]}, 'overlap': {'train&val': 0, 'train&test': 0, 'val&test': 0}, 'total': 17509, 'images_dir': '/kaggle/working/lab/submissions/2A202602911_nguyenphuchuy/data', 'ratio_warnings': [], 'missing_files': []}",,"{'torch': '2.11.0+cu128', 'timm': '1.0.29', 'python': '3.13.15', 'torchvision': '0.26.0+cu128'}",runs/T03/seed0
T04,0,0,convnext_tiny,in12k_ft_in1k,finetune,0.0,color+randaug,,1.0,ce,0.0,2.0,,,224,10,64,0.0001,0.001,0.05,1.0,,,True,27.827049,2.2348381440000002,fvcore.nn.FlopCountAnalysis (FLOPs/2),10,10501,3501,3507,0.9685804055984004,0.9609607471306904,0.1229733730496355,0.9517729177423873,0.014827482940741377,0.12297239899635315,59.53507894960012,603.5178252679998,4567.222272,"{'n': {'train': 10501, 'val': 3501, 'test': 3507}, 'ratio': {'train': 0.5997487006682277, 'val': 0.19995430921240506, 'test': 0.2002969901193672}, 'per_class': {'train': [675, 637, 618, 613, 637, 605, 644, 609, 5463], 'val': [225, 213, 206, 204, 212, 202, 215, 203, 1821], 'test': [226, 213, 207, 205, 213, 202, 215, 204, 1822]}, 'overlap': {'train&val': 0, 'train&test': 0, 'val&test': 0}, 'total': 17509, 'images_dir': '/kaggle/working/lab/submissions/2A202602911_nguyenphuchuy/data', 'ratio_warnings': [], 'missing_files': []}",,"{'torch': '2.11.0+cu128', 'timm': '1.0.29', 'python': '3.13.15', 'torchvision': '0.26.0+cu128'}",runs/T04/seed0
T05,0,0,convnext_tiny,in12k_ft_in1k,finetune,0.0,basic,cutmix,1.0,ce,0.0,2.0,,,224,10,64,0.0001,0.001,0.05,1.0,,,True,27.827049,2.2348381440000002,fvcore.nn.FlopCountAnalysis (FLOPs/2),9,10501,3501,3507,0.9774350185661239,0.9695379150931535,0.08835287759454548,0.9693380995500784,0.0059402051890656005,0.08835645765066147,54.119238426900026,549.4972914310001,4567.222784,"{'n': {'train': 10501, 'val': 3501, 'test': 3507}, 'ratio': {'train': 0.5997487006682277, 'val': 0.19995430921240506, 'test': 0.2002969901193672}, 'per_class': {'train': [675, 637, 618, 613, 637, 605, 644, 609, 5463], 'val': [225, 213, 206, 204, 212, 202, 215, 203, 1821], 'test': [226, 213, 207, 205, 213, 202, 215, 204, 1822]}, 'overlap': {'train&val': 0, 'train&test': 0, 'val&test': 0}, 'total': 17509, 'images_dir': '/kaggle/working/lab/submissions/2A202602911_nguyenphuchuy/data', 'ratio_warnings': [], 'missing_files': []}",,"{'torch': '2.11.0+cu128', 'timm': '1.0.29', 'python': '3.13.15', 'torchvision': '0.26.0+cu128'}",runs/T05/seed0
T06,0,0,convnext_tiny,in12k_ft_in1k,finetune,0.0,basic,,1.0,ls,0.1,2.0,,,224,10,64,0.0001,0.001,0.05,1.0,,,True,27.827049,2.2348381440000002,fvcore.nn.FlopCountAnalysis (FLOPs/2),10,10501,3501,3507,0.9745786918023421,0.9672295826669082,0.5476286680451191,0.9638937948115439,0.08537041041143481,0.1687263697385788,53.793609747200115,546.3135787990004,4567.222272,"{'n': {'train': 10501, 'val': 3501, 'test': 3507}, 'ratio': {'train': 0.5997487006682277, 'val': 0.19995430921240506, 'test': 0.2002969901193672}, 'per_class': {'train': [675, 637, 618, 613, 637, 605, 644, 609, 5463], 'val': [225, 213, 206, 204, 212, 202, 215, 203, 1821], 'test': [226, 213, 207, 205, 213, 202, 215, 204, 1822]}, 'overlap': {'train&val': 0, 'train&test': 0, 'val&test': 0}, 'total': 17509, 'images_dir': '/kaggle/working/lab/submissions/2A202602911_nguyenphuchuy/data', 'ratio_warnings': [], 'missing_files': []}",,"{'torch': '2.11.0+cu128', 'timm': '1.0.29', 'python': '3.13.15', 'torchvision': '0.26.0+cu128'}",runs/T06/seed0
T07,0,0,convnext_tiny,in12k_ft_in1k,finetune,0.0,basic,,1.0,focal,0.0,2.0,,,224,10,64,0.0001,0.001,0.05,1.0,,,True,27.827049,2.2348381440000002,fvcore.nn.FlopCountAnalysis (FLOPs/2),9,10501,3501,3507,0.9731505284204514,0.9642662623557086,0.05632353940395007,0.9620077066514161,0.015534760815114552,0.10413608700037003,53.014072386000045,538.4753929319995,4567.222272,"{'n': {'train': 10501, 'val': 3501, 'test': 3507}, 'ratio': {'train': 0.5997487006682277, 'val': 0.19995430921240506, 'test': 0.2002969901193672}, 'per_class': {'train': [675, 637, 618, 613, 637, 605, 644, 609, 5463], 'val': [225, 213, 206, 204, 212, 202, 215, 203, 1821], 'test': [226, 213, 207, 205, 213, 202, 215, 204, 1822]}, 'overlap': {'train&val': 0, 'train&test': 0, 'val&test': 0}, 'total': 17509, 'images_dir': '/kaggle/working/lab/submissions/2A202602911_nguyenphuchuy/data', 'ratio_warnings': [], 'missing_files': []}",,"{'torch': '2.11.0+cu128', 'timm': '1.0.29', 'python': '3.13.15', 'torchvision': '0.26.0+cu128'}",runs/T07/seed0
T08,0,0,convnext_tiny,in12k_ft_in1k,finetune,0.0,basic,,1.0,ce_weighted,0.0,2.0,0.0,,224,10,64,0.0001,0.001,0.05,1.0,,,True,27.827049,2.2348381440000002,fvcore.nn.FlopCountAnalysis (FLOPs/2),9,10501,3501,3507,0.9734361610968295,0.9655993295633267,0.12677489449710327,0.9715912390276333,0.013420090407039443,0.10863242298364639,53.31018257369997,541.3078454249999,4567.222784,"{'n': {'train': 10501, 'val': 3501, 'test': 3507}, 'ratio': {'train': 0.5997487006682277, 'val': 0.19995430921240506, 'test': 0.2002969901193672}, 'per_class': {'train': [675, 637, 618, 613, 637, 605, 644, 609, 5463], 'val': [225, 213, 206, 204, 212, 202, 215, 203, 1821], 'test': [226, 213, 207, 205, 213, 202, 215, 204, 1822]}, 'overlap': {'train&val': 0, 'train&test': 0, 'val&test': 0}, 'total': 17509, 'images_dir': '/kaggle/working/lab/submissions/2A202602911_nguyenphuchuy/data', 'ratio_warnings': [], 'missing_files': []}",,"{'torch': '2.11.0+cu128', 'timm': '1.0.29', 'python': '3.13.15', 'torchvision': '0.26.0+cu128'}",runs/T08/seed0
T09,0,0,convnext_tiny,in12k_ft_in1k,finetune,0.0,basic,,1.0,ce,0.0,2.0,,balanced,224,10,64,0.0001,0.001,0.05,1.0,,,True,27.827049,2.2348381440000002,fvcore.nn.FlopCountAnalysis (FLOPs/2),8,10501,3501,3507,0.976006855184233,0.9703769203169352,0.09121687887664762,0.9721512447426568,0.011173026778295448,0.0912150964140892,53.26429613150003,540.7618043779994,4567.222272,"{'n': {'train': 10501, 'val': 3501, 'test': 3507}, 'ratio': {'train': 0.5997487006682277, 'val': 0.19995430921240506, 'test': 0.2002969901193672}, 'per_class': {'train': [675, 637, 618, 613, 637, 605, 644, 609, 5463], 'val': [225, 213, 206, 204, 212, 202, 215, 203, 1821], 'test': [226, 213, 207, 205, 213, 202, 215, 204, 1822]}, 'overlap': {'train&val': 0, 'train&test': 0, 'val&test': 0}, 'total': 17509, 'images_dir': '/kaggle/working/lab/submissions/2A202602911_nguyenphuchuy/data', 'ratio_warnings': [], 'missing_files': []}",,"{'torch': '2.11.0+cu128', 'timm': '1.0.29', 'python': '3.13.15', 'torchvision': '0.26.0+cu128'}",runs/T09/seed0
T10,0,0,convnext_tiny,in12k_ft_in1k,finetune,0.0,basic,,1.0,ce,0.0,2.0,,,224,10,64,0.001,0.001,0.05,1.0,,,True,27.827049,2.2348381440000002,fvcore.nn.FlopCountAnalysis (FLOPs/2),9,10501,3501,3507,0.9542987717794916,0.9414103184882825,0.16118145282695512,0.9314617674142394,0.021225000817038188,0.16117538511753082,53.52258166289994,543.3946852749996,4567.222272,"{'n': {'train': 10501, 'val': 3501, 'test': 3507}, 'ratio': {'train': 0.5997487006682277, 'val': 0.19995430921240506, 'test': 0.2002969901193672}, 'per_class': {'train': [675, 637, 618, 613, 637, 605, 644, 609, 5463], 'val': [225, 213, 206, 204, 212, 202, 215, 203, 1821], 'test': [226, 213, 207, 205, 213, 202, 215, 204, 1822]}, 'overlap': {'train&val': 0, 'train&test': 0, 'val&test': 0}, 'total': 17509, 'images_dir': '/kaggle/working/lab/submissions/2A202602911_nguyenphuchuy/data', 'ratio_warnings': [], 'missing_files': []}",,"{'torch': '2.11.0+cu128', 'timm': '1.0.29', 'python': '3.13.15', 'torchvision': '0.26.0+cu128'}",runs/T10/seed0
T11,0,0,convnext_tiny,in12k_ft_in1k,finetune,0.0,basic,,1.0,ce,0.0,2.0,,,224,10,64,0.0001,0.001,0.05,1.0,0.999,,True,27.827049,2.2348381440000002,fvcore.nn.FlopCountAnalysis (FLOPs/2),10,10501,3501,3507,0.9720079977149386,0.9640600474638562,0.09394022818868653,0.956903648847016,0.007057916305978345,0.09394378960132599,53.87764441490053,547.4458796500003,4681.029632,"{'n': {'train': 10501, 'val': 3501, 'test': 3507}, 'ratio': {'train': 0.5997487006682277, 'val': 0.19995430921240506, 'test': 0.2002969901193672}, 'per_class': {'train': [675, 637, 618, 613, 637, 605, 644, 609, 5463], 'val': [225, 213, 206, 204, 212, 202, 215, 203, 1821], 'test': [226, 213, 207, 205, 213, 202, 215, 204, 1822]}, 'overlap': {'train&val': 0, 'train&test': 0, 'val&test': 0}, 'total': 17509, 'images_dir': '/kaggle/working/lab/submissions/2A202602911_nguyenphuchuy/data', 'ratio_warnings': [], 'missing_files': []}",,"{'torch': '2.11.0+cu128', 'timm': '1.0.29', 'python': '3.13.15', 'torchvision': '0.26.0+cu128'}",runs/T11/seed0
T12,0,0,convnext_tiny,in12k_ft_in1k,finetune,0.0,basic,,1.0,ce,0.0,2.0,,,224,10,64,0.0001,0.001,0.05,1.0,,,True,27.827049,2.2348381440000002,fvcore.nn.FlopCountAnalysis (FLOPs/2),10,10501,3501,3507,0.9777206512425022,0.9708156052241242,0.09409295989509583,0.968860192504458,0.011756001523956863,0.09409302473068237,53.33634230160023,541.8291746209998,4567.222272,"{'n': {'train': 10501, 'val': 3501, 'test': 3507}, 'ratio': {'train': 0.5997487006682277, 'val': 0.19995430921240506, 'test': 0.2002969901193672}, 'per_class': {'train': [675, 637, 618, 613, 637, 605, 644, 609, 5463], 'val': [225, 213, 206, 204, 212, 202, 215, 203, 1821], 'test': [226, 213, 207, 205, 213, 202, 215, 204, 1822]}, 'overlap': {'train&val': 0, 'train&test': 0, 'val&test': 0}, 'total': 17509, 'images_dir': '/kaggle/working/lab/submissions/2A202602911_nguyenphuchuy/data', 'ratio_warnings': [], 'missing_files': []}",,"{'torch': '2.11.0+cu128', 'timm': '1.0.29', 'python': '3.13.15', 'torchvision': '0.26.0+cu128'}",runs/T12/seed0
